V1,V2,V3,V4,V5,zl
-0.387169878,-0.280879445,-0.176641303,-0.00676227,0.083175528,1
-0.593910127,-0.260603415,-0.038433669,0.179760416,-0.127220339,1
-0.574721374,-0.351615164,0.020678263,0.022529938,0.274271174,1
-0.319088752,-0.197818444,-0.097594966,0.053811829,0.127072719,1
-0.354819683,-0.237719566,-0.130611514,-0.132582163,-0.138893412,1
-0.473062395,-0.313086439,0.012622119,0.0076281,0.003226489,1
-0.480049248,-0.319172441,-0.179877973,-0.126655624,-0.114923433,1
-0.674123935,-0.40272259,-0.286552289,-0.072826653,-0.189152599,1
-0.482601975,-0.374952952,-0.238024703,-0.001576597,-0.262335674,1
-0.492732119,-0.359458642,-0.10738277,-0.292392532,-0.051099683,1
-0.542082165,-0.348166727,-0.097151299,0.204610893,-0.155474554,1
-0.555744873,-0.312993092,-0.133359296,0.042055977,0.109474746,1
-0.577239027,-0.374193417,-0.244559888,0.244785235,0.166695705,1
-0.407229881,-0.233904141,-0.024694177,0.207766569,0.098903728,1
-0.520101416,-0.251745059,-0.133698544,-0.107744809,-0.082605424,1
-0.592664345,-0.332647505,0.048306258,-0.216460346,-0.078388573,1
-0.609589526,-0.359098353,-0.296134478,0.210732179,-0.187157846,1
-0.725428053,-0.365992773,-0.14800082,0.248076104,-0.252066485,1
-0.384274338,-0.294122025,-0.105634083,-0.14823573,0.121433502,1
-0.571015485,-0.367104497,-0.177217988,0.21169469,0.024028879,1
-0.225856865,-0.253878903,-0.213404711,0.014484212,-0.013690798,1
-0.515515946,-0.354445759,-0.060816338,-0.133862415,0.252852538,1
-0.444880878,-0.332339317,-0.208030713,-0.010918623,0.07836428,1
-0.600185286,-0.370665951,-0.256673465,0.200869461,0.209660142,1
-0.557785289,-0.244843408,-0.020342568,-0.040986831,0.110694382,1
-0.534183466,-0.324956177,-0.241304247,-0.168326808,0.235232197,1
-0.433848681,-0.238726084,-0.068999606,-0.022778914,-0.046466075,1
-0.492094562,-0.297494481,-0.204895221,0.043550251,0.069269453,1
-0.381067127,-0.191221353,0.009125367,0.02966396,-0.093746506,1
-0.422308696,-0.3111384,-0.183826296,-0.176808526,0.085030482,1
-0.349420438,-0.214488455,-0.140701943,-0.077337879,0.193378527,1
-0.425927848,-0.218600992,-0.222596208,-0.173387291,-0.121704395,1
-0.175244444,-0.106547019,-0.049407438,-0.05871624,0.049997661,1
-0.480095203,-0.201647469,-0.005602121,-0.139548832,0.337429839,1
-0.278567056,-0.197874617,-0.145492371,-0.05644308,0.102034765,1
-0.581555496,-0.222600349,-0.186400775,-0.532783104,0.154646191,1
-0.386511263,-0.278425502,-0.119761808,-0.018864212,-0.07014488,1
-0.56726958,-0.396890273,-0.25355384,-0.031070851,-0.246264281,1
-0.238286924,-0.178105586,-0.011619565,0.082829636,-0.068197421,1
-0.539840261,-0.331428586,-0.452889831,-0.040340949,0.157017078,1
-0.158625161,-0.026414138,0.027821616,0.011038099,-0.000346588,1
-0.460237877,-0.278425902,-0.131537358,-0.048327727,0.231816415,1
-0.56786847,-0.423356708,-0.223346269,0.019037518,-0.097689909,1
-0.410219626,-0.258846636,-0.149526161,0.155737728,0.17889081,1
-0.619943839,-0.391210769,-0.146762313,-0.174136151,-0.102629153,1
-0.414401355,-0.235706757,-0.079171269,0.139781659,-0.008701909,1
-0.486009108,-0.319809378,-0.290818053,0.291994772,0.041875566,1
-0.523833303,-0.229724514,0.073281561,0.2093551,0.175669464,1
-0.541367501,-0.453255628,-0.353108312,0.037634959,-0.048070977,1
-0.371874267,-0.18381512,-0.01821289,0.101462889,0.146719508,1
-0.144780508,-0.068253376,0.035496927,-0.029329345,-0.035126885,1
-0.251607809,-0.128498657,-0.048657804,0.064158896,-0.173178857,1
-0.415509755,-0.173513811,-0.224646566,0.17757993,-0.116491349,1
-0.664981553,-0.269556865,-0.336073894,0.021940369,-0.000302084,1
-0.458171583,-0.2153384,-0.160541224,0.169840426,0.034968205,1
-0.632078983,-0.451430441,-0.224350438,0.103693927,0.334083486,1
-0.098034206,-0.015833808,-0.061246178,-0.072238081,0.099013032,1
-0.503730514,-0.204404609,-0.029962987,0.131819546,-0.089786079,1
-0.673873638,-0.348731028,-0.181373416,0.224118529,0.008857717,1
-0.26437206,-0.104283132,-0.113388922,0.124818872,-0.074209378,1
-0.333391181,-0.16892879,-0.009704066,0.109163223,0.270434986,1
-0.252614721,-0.193974591,-0.168357726,-0.126232279,-0.015813779,1
-0.617725201,-0.480630522,-0.182967953,-0.146982857,0.235116038,1
-0.570597436,-0.41744113,-0.325287539,-0.050146577,0.044298575,1
-0.308031068,-0.238702962,-0.121548571,-0.075654279,0.107020063,1
-0.207804454,-0.10884798,-0.040455626,0.049603426,-0.01340617,1
-0.385040499,-0.249223861,-0.126151383,-0.053939382,-0.173234605,1
-0.71862429,-0.400836673,-0.194843259,-0.210903376,-0.321384236,1
-0.235126812,-0.155460491,-0.041784848,-0.19719474,0.006030038,1
-0.352049124,-0.264934394,-0.135511298,0.094307064,0.194653451,1
-0.690390617,-0.480286825,-0.228460185,-0.016391545,-0.021854781,1
-0.339259166,-0.248149114,-0.100407125,-0.177624859,-0.074868914,1
-0.3604118,-0.198264752,-0.132461963,0.046558473,-0.053042774,1
-0.414699722,-0.298874924,-0.204080142,0.194005105,-0.248438842,1
-0.405719168,-0.211020674,-0.242046359,0.088232035,0.068358076,1
-0.233193416,-0.124981078,-0.042174987,-0.031296737,-0.040477108,1
-0.652390432,-0.498225598,-0.18534434,-0.204804269,-0.17725787,1
-0.51531362,-0.316013356,-0.184171325,-0.324962432,0.103929085,1
-0.507635564,-0.293301746,-0.236520441,0.149871293,0.0611689,1
-0.500966413,-0.251720943,0.019784152,-0.226648437,0.198552619,1
-0.610251557,-0.467809285,-0.192134718,-0.059115289,0.031476392,1
-0.30264258,-0.130316477,-0.078848735,0.230885331,-0.209714372,1
-0.63071124,-0.423802232,-0.308769208,0.142293252,-0.082039245,1
-0.411699816,-0.273430125,-0.178080119,0.069441692,0.203821735,1
-0.520853096,-0.243352643,-0.180144451,-0.265320153,0.066878815,1
-0.569257538,-0.308558653,-0.114440584,-0.087953833,0.306837139,1
-0.392872001,-0.182128386,-0.213808831,-0.068602517,-0.04880992,1
-0.662979617,-0.430481666,-0.202769612,0.206139489,-0.037054501,1
-0.311898339,-0.183196715,-0.015026788,0.070351062,0.105318242,1
-0.46707209,-0.277561799,-0.240937849,0.205026474,0.212487245,1
-0.639967351,-0.320601046,-0.105573953,0.069408792,-0.140105899,1
-0.637789272,-0.314008606,-0.112046293,0.014813842,0.111460424,1
-0.484940727,-0.178170717,0.204311779,-0.223776939,0.078836067,1
-0.461096169,-0.245194716,-0.193790591,0.00149964,0.036506592,1
-0.194656685,-0.114457562,-0.089037762,0.090509288,-0.09211327,1
-0.528654352,-0.319211303,-0.050897872,-0.015915969,0.022070368,1
-0.229800991,-0.163041887,-0.065082028,0.036991858,0.089347936,1
-0.205099578,-0.004716631,-0.076334732,0.06195625,-0.001463618,1
-0.602606364,-0.21034285,-0.01199684,0.296514043,-0.240564781,1
-0.429216454,-0.062600291,0.001140178,0.119496369,-0.041584385,1
-0.545977943,-0.337985127,-0.127726322,-0.324482859,0.084898495,1
-0.352581435,-0.20425398,0.024721265,-0.214545281,-0.062797795,1
-0.401725985,-0.252907909,-0.118971058,0.337785038,-0.04362028,1
-0.692585046,-0.384875096,0.033909213,-0.083762348,0.098786143,1
-0.218149621,-0.110774711,-0.034194888,-0.15760426,0.090085276,1
-0.519102478,-0.420399572,-0.170567636,0.275224978,0.270383519,1
-0.541444903,-0.374070828,-0.126019243,0.00693822,0.04747743,1
-0.638337471,-0.424826383,-0.248313977,0.248247041,-0.159028511,1
-0.580710099,-0.437771433,-0.288021503,0.227168129,0.229450843,1
-0.396174937,-0.386819653,-0.100842113,0.186863151,0.021476698,1
-0.592004211,-0.287716766,-0.304309882,0.295054565,0.15625516,1
-0.4740875,-0.367301944,-0.117988372,-0.114524394,0.108412369,1
-0.461657385,-0.28780987,-0.149918329,-0.076187204,0.195104316,1
-0.37741578,-0.115003014,-0.142663685,-0.145284533,0.10207071,1
-0.657117033,-0.462756624,-0.287817227,-0.018360218,-0.252780265,1
-0.620040775,-0.283605652,-0.083621535,-0.107408476,0.109563701,1
-0.051511263,0.01338506,0.010228318,0.021500743,-0.006161552,1
-0.534483638,-0.31789895,0.026344246,0.125947898,0.188389603,1
-0.639340663,-0.417309479,-0.262604771,0.091229044,0.400870151,1
-0.295416058,-0.159196007,-0.088124807,-0.348183726,0.074725491,1
-0.418523429,-0.212216036,-0.081816177,0.193013543,0.086068228,1
-0.414517868,-0.195291571,-0.189975392,0.086008071,-0.169410532,1
-0.426260761,-0.224268236,-0.106084852,0.001166906,0.131056975,1
-0.188898539,-0.124745709,0.054534987,-0.117844887,0.097880215,1
-0.580038987,-0.23047136,-0.08076949,-0.183008464,-0.135686139,1
-0.591690093,-0.340733546,-0.195155948,0.405150707,-0.173576747,1
-0.274426287,-0.170155345,-0.046635758,0.047178005,-0.04941818,1
-0.309455185,-0.343943813,-0.144974777,-0.088081691,0.156618852,1
-0.546688799,-0.192528946,-0.17299844,0.214300648,-0.02726973,1
-0.502146792,-0.279331745,-0.083110752,-0.261536213,0.051688332,1
-0.312890911,-0.098813275,-0.034717051,0.062507328,-0.028535002,1
-0.531296765,-0.268851932,-0.063675791,0.186842746,0.348962995,1
-0.24610147,-0.072416453,-0.03690487,0.008410979,-0.088795783,1
-0.563519212,-0.325833904,-0.229243292,-0.022890755,-0.180356398,1
-0.369342127,-0.259793587,-0.131311656,-0.056553074,-0.153796132,1
-0.50143629,-0.32789864,-0.157999,-0.226857712,0.032660148,1
-0.332574331,-0.179087577,-0.009763637,-0.1992467,0.080295273,1
-0.189182897,-0.173965574,-0.119150256,0.010694845,0.151282291,1
-0.326810432,-0.157243231,-0.02060162,-0.091875703,-0.008159459,1
-0.468852084,-0.175221938,-0.10495843,-0.125053788,-0.026637563,1
-0.237794418,-0.212125072,-0.120204956,0.111976843,-0.151617458,1
-0.60761741,-0.410850169,-0.058135658,0.248133436,-0.236423434,1
-0.62810632,-0.384482397,-0.120850551,0.037187958,-0.264982608,1
-0.416282766,-0.338826861,-0.170416018,0.163580121,-0.129569961,1
-0.446004813,-0.294995215,-0.117701051,0.178201779,0.026235103,1
-0.550844109,-0.189690595,-0.021077091,0.032932054,0.170224163,1
-0.584171521,-0.331431257,-0.107183602,0.25963587,0.008688062,1
-0.246526814,-0.138747031,-0.100721141,-0.030086313,0.085641449,1
-0.690417091,-0.508109418,-0.279844367,0.176619054,0.101232765,1
-0.437159349,-0.322193105,-0.20452748,-0.07484882,0.012670136,1
-0.505305047,-0.30743473,-0.087679858,-0.107380017,0.031817148,1
-0.455704649,-0.29178338,-0.295756007,0.253708976,-0.314681453,1
-0.241545017,-0.235283534,-0.073671768,-0.075991048,-0.096977025,1
-0.474492703,-0.290798473,-0.006901545,0.002873833,0.022811695,1
-0.130015279,-0.051301948,-0.006609763,0.082791877,0.071914027,1
-0.647134362,-0.308592569,-0.329545048,0.117484523,-0.121564401,1
-0.552769528,-0.260425635,-0.087460137,0.082547189,-0.005646499,1
-0.109012063,-0.040977424,0.002174963,0.132764465,-0.097445673,1
-0.146511406,-0.069162671,-0.085055913,0.097519946,-0.03256004,1
-0.391281953,-0.310443311,-0.25123197,0.041072181,-0.330092525,1
-0.628390693,-0.493327199,-0.145739021,0.017965953,0.088064199,1
-0.321991169,-0.184985358,-0.034673984,-0.039123102,0.170875496,1
-0.46440879,-0.306962163,-0.225949905,0.304547452,-0.109355402,1
-0.595851424,-0.415932527,-0.099925935,0.314195078,-0.009069156,1
-0.568134487,-0.371856512,-0.260810505,-0.104968911,-0.09028229,1
-0.645542803,-0.49805982,-0.342283442,0.393928117,0.07330784,1
-0.692249577,-0.379436011,-0.109463452,0.059079149,0.235783688,1
-0.589402695,-0.373143911,-0.055838157,-0.094655644,-0.053703377,1
-0.603185652,-0.403575484,-0.131136418,-0.415409335,-0.021884215,1
-0.610168376,-0.326447536,-0.161067557,-0.370334877,0.095606006,1
-0.599759852,-0.346934795,-0.268181544,0.057289472,-0.205779183,1
-0.567863367,-0.267323159,-0.106313169,-0.189633234,-0.022346214,1
-0.172990972,-0.027215642,-0.079127375,-0.038729667,0.060088994,1
-0.616812087,-0.422861837,-0.209152806,-0.371698633,0.191643026,1
-0.665140263,-0.362957728,-0.043701216,-0.06161762,-0.236433866,1
-0.615481177,-0.540302982,-0.323203448,-0.370861916,0.051977439,1
-0.373092021,-0.261057304,-0.128998611,-0.183535743,-0.045341835,1
-0.25218326,-0.093481859,0.060081349,0.145736146,0.082114094,1
-0.545216856,-0.343870663,-0.108930806,-0.003608973,-0.071404126,1
-0.530950917,-0.424554842,-0.070473035,0.081971342,0.248564062,1
-0.560344438,-0.472114962,-0.270132245,0.087825584,-0.131110077,1
-0.642548845,-0.347932131,-0.210996811,-0.023844115,-0.064855037,1
-0.528425447,-0.457377746,-0.11513808,0.262805112,-0.047589742,1
-0.486271896,-0.203802941,-0.228652647,0.12165042,0.052811592,1
-0.392385705,-0.242915118,0.006856805,-0.183271854,-0.269248238,1
-0.559961142,-0.406161073,-0.159300248,-0.122489352,0.244604002,1
-0.674967174,-0.373311648,-0.299819591,-0.137802762,-0.061786853,1
-0.357356821,-0.088340652,-0.114632114,-0.18329265,0.073272895,1
-0.20909285,-0.098478734,-0.072091392,0.06820445,0.046577165,1
-0.355606905,-0.268144146,-0.166779373,-0.226174929,-0.258443741,1
-0.673807538,-0.368468395,-0.357296845,-0.055921559,-0.105486489,1
-0.681748762,-0.356127416,-0.167497698,-0.197359923,0.181421017,1
-0.691190122,-0.510931776,-0.291414427,-0.097166836,-0.007359027,1
-0.642583247,-0.506231474,-0.264531725,0.055631078,-0.015784697,1
-0.713796534,-0.416818023,-0.192601571,-0.037771251,0.010529442,1
-0.544791933,-0.364606485,-0.098096147,-0.001793085,-0.256718263,1
-0.128234987,-0.089442681,0.00965827,-0.004583391,-0.076167337,1
-0.697409763,-0.482960818,-0.360427879,0.095516734,0.008544714,1
-0.300015494,-0.270243059,-0.087033903,-0.024013142,-0.064585034,1
-0.603522947,-0.184253693,-0.19316924,-0.142200565,-0.088998264,1
-0.300048873,-0.118097757,0.000268966,0.214428648,0.165370026,1
-0.613116677,-0.381270196,-0.113310094,-0.075771861,-0.111120092,1
-0.562257094,-0.273568465,-0.090379588,0.031792603,0.123419131,1
-0.689066258,-0.426394885,-0.186717358,-0.081161526,0.0394221,1
-0.514403451,-0.2971563,-0.130434719,0.19592144,-0.025054761,1
-0.480483304,-0.226547775,-0.172392262,0.058143254,0.251014347,1
-0.558670377,-0.234068284,-0.003082385,-0.297970881,-0.050567202,1
-0.271475411,-0.166245624,-0.133749098,-0.029027864,-0.060667094,1
-0.08093562,-0.055625605,-0.037450092,-0.038901418,0.090485912,1
-0.02106571,-0.015031896,-0.009430513,0.019114612,-0.008978905,1
-0.150351478,-0.080487894,-0.014135344,-0.027995722,-0.061729983,1
-0.325474458,-0.14719354,-0.149450949,-0.065250925,0.06029512,1
-0.590586409,-0.363852966,-0.009874971,-0.161182277,0.14006271,1
-0.365366816,-0.212253416,-0.073241781,0.103131343,-0.050438646,1
-0.404688221,-0.324436436,-0.121991655,0.172917293,-0.020768451,1
-0.634650196,-0.391510355,-0.20539287,0.199704245,-0.008661077,1
-0.643664389,-0.412835196,-0.29898898,-0.242311025,-0.134619104,1
-0.261385613,-0.187397641,-0.105797917,-0.09362416,-0.032436849,1
-0.50731339,-0.357219732,-0.201223231,0.163092005,-0.116174961,1
-0.360015755,-0.244371157,0.044693533,0.037521793,0.22263061,1
-0.548161066,-0.291895638,-0.339096806,0.238394575,-0.070808725,1
-0.511637144,-0.383849753,-0.14506844,-0.264129186,0.281017415,1
-0.44558528,-0.270579588,-0.046466035,0.248821131,-0.0752467,1
-0.244990554,-0.216932591,-0.012885567,0.007515844,0.033322728,1
-0.461750992,-0.247161869,-0.105162571,0.133675379,0.014067496,1
-0.141055176,-0.136042231,-0.010003305,-0.049108349,0.015092691,1
-0.446993093,-0.30138338,0.116966898,-0.094428377,0.186159367,1
-0.413483126,-0.286229113,-0.259204394,-0.211216174,0.119289789,1
-0.425809144,-0.261179416,-0.269235551,-0.034124748,-0.151304659,1
-0.55233669,-0.351273104,-0.240212705,-0.23044791,-0.137982664,1
-0.20314239,-0.118620345,-0.015710174,-0.099914529,0.151637421,1
-0.635142869,-0.375602583,-0.202366649,-0.090967017,-0.134964049,1
-0.166236502,-0.106958443,-0.086976243,0.023828407,0.014105755,1
-0.588120058,-0.31361037,-0.043252407,-0.30979602,0.086256236,1
-0.622723784,-0.420229523,-0.036854985,-0.056543242,0.017576013,1
-0.386143287,-0.232103008,-0.206698456,0.027480898,-0.039053709,1
-0.508556172,-0.372221525,-0.204795122,-0.185936688,-0.108554667,1
-0.579764503,-0.425840044,-0.089983768,-0.007201532,-0.01831688,1
-0.483749039,-0.266416853,-0.047567734,0.025141032,0.123652091,1
-0.209068696,-0.145501753,-0.063723637,0.045242833,-0.043847179,1
-0.666910373,-0.525813617,-0.330284526,-0.244933827,-0.195089997,1
-0.333711061,-0.130716703,-0.052077362,-0.142566672,0.058838462,1
-0.406729941,-0.246723225,-0.063962577,-0.14447813,-0.0030551,1
-0.619554645,-0.458566981,-0.305767262,-0.130471249,-0.000946305,1
-0.270112279,-0.132230903,-0.123072475,0.075754957,0.014609244,1
-0.466670028,-0.168147012,-0.050364536,0.14912065,0.309369629,1
-0.689191901,-0.299902549,-0.274867048,0.079157775,-0.139310408,1
-0.547983437,-0.372542095,-0.216752238,-0.085700295,0.078918228,1
-0.367323152,-0.26124759,-0.260144265,-0.360514058,-0.169886636,1
-0.639882732,-0.350040104,-0.124719883,0.193456923,0.363246199,1
-0.259247307,0.271432647,-0.208097087,0.027793574,0.040246793,2
-0.194014245,0.184898897,-0.090445625,-0.082001541,-0.126761514,2
-0.225534577,0.317266045,-0.148419697,-0.018638053,0.0704887,2
-0.390099035,0.293589165,-0.08159019,0.168147888,0.065820685,2
-0.396082775,0.262549311,-0.214701345,-0.06472953,-0.178150886,2
-0.29688454,0.254244413,-0.208167043,0.054041176,0.035394109,2
-0.255006642,0.185404598,-0.094625247,0.068869884,-0.039131735,2
-0.28035355,0.229278405,-0.208740258,-0.177902857,-0.026966916,2
-0.376164896,0.383232322,-0.227577353,-0.135244112,0.071894049,2
-0.228116664,0.120988531,-0.073509941,0.025122211,0.142911187,2
-0.311059905,0.352740176,-0.180708465,0.258930357,0.112326651,2
-0.317780064,0.335982991,-0.217174081,0.079762246,0.053784477,2
-0.250471775,0.189601063,-0.098735653,-0.094896435,-0.009268489,2
-0.117993169,0.105985819,-0.050213948,0.013484311,-0.030225902,2
-0.161095908,0.138807813,-0.084628856,-0.028658577,0.027640097,2
-0.277414871,0.247694929,-0.079723342,0.020650677,0.07586678,2
-0.315070116,0.364778652,-0.229380496,-0.07695736,-0.023180374,2
-0.226346502,0.124210716,-0.022404172,-0.068138625,0.017510762,2
-0.323831744,0.280619324,-0.301933378,0.040772247,-0.153629104,2
-0.276464414,0.259639441,-0.226709691,0.020728894,0.060165266,2
-0.225022354,0.229502134,-0.171156935,-0.043059348,0.158381399,2
-0.149189505,0.121295359,-0.114592255,0.026998313,0.086329724,2
-0.232539948,0.220414267,-0.157788299,-0.070817814,-0.054582954,2
-0.374606513,0.388939251,-0.261278484,-0.046063264,-0.057711862,2
-0.150598881,0.136600635,-0.062190215,0.080335005,0.015306434,2
-0.204818154,0.139137131,-0.163868772,-0.029408871,0.053531426,2
-0.276681666,0.31857133,-0.15098983,0.001069961,0.34313243,2
-0.27667632,0.252978647,-0.166542923,-0.009140261,0.215095451,2
-0.194166693,0.171510023,-0.046334323,0.051373941,0.111639946,2
-0.353904066,0.294038652,-0.096577163,-0.116876987,0.249879186,2
-0.268738721,0.215634404,-0.038027521,-0.038923086,0.074521789,2
-0.192647357,0.154191899,-0.197695991,-0.123343382,-0.022380955,2
-0.162468167,0.140042196,-0.078517483,0.044850237,0.09895037,2
-0.350786367,0.392539237,-0.178653805,0.074972566,0.213288641,2
-0.181582293,0.14202863,-0.111228495,0.016427468,0.006060174,2
-0.356872588,0.405259033,-0.14427491,0.010684564,0.097965279,2
-0.269879627,0.221877953,-0.12853467,0.065842429,0.07439273,2
-0.395528848,0.258997867,-0.126475377,0.109029662,-0.022721195,2
-0.179205324,0.176950625,-0.055042452,0.116558921,0.054200616,2
-0.26342048,0.309739696,-0.156282155,0.088336161,0.022826239,2
-0.166919492,0.196964675,-0.135311464,-0.089419417,0.003295278,2
-0.203046048,0.137856144,-0.13571955,0.150041873,-0.052039985,2
-0.220014944,0.170440126,-0.15699189,0.160319526,0.129365426,2
-0.38049484,0.380456116,-0.132853783,0.103853387,-0.060022852,2
-0.140063507,0.133024901,-0.079128444,-0.03830103,0.119042701,2
-0.21496119,0.250444451,-0.059677133,0.129231646,0.049427209,2
-0.241119614,0.270393712,-0.131963028,0.012357182,-0.023084221,2
-0.015805714,0.017627271,0.006307293,0.010910118,0.011326572,2
-0.086383393,0.072683653,-0.08234805,0.021320689,-0.086836862,2
-0.327119257,0.296235582,-0.214015691,0.075034906,-0.048048033,2
-0.29752668,0.342129503,-0.152692736,0.104137734,0.256460567,2
-0.339563198,0.298574392,-0.158257521,-0.151321971,-0.310205405,2
-0.194857668,0.174475326,-0.104077445,-0.008088649,0.040546457,2
-0.292553343,0.244895331,-0.100448776,0.005654892,-0.150341287,2
-0.217741925,0.210701771,-0.084411571,0.01498964,0.044613614,2
-0.270011088,0.219043711,-0.098454672,-0.266064806,-0.069316151,2
-0.306655778,0.362101194,-0.08373296,-0.222323604,0.056225426,2
-0.181092998,0.152375086,-0.090019143,-0.034041425,-0.02919284,2
-0.354247033,0.317663043,-0.234912939,0.001384592,-0.007764699,2
-0.295398915,0.344136387,-0.169199992,0.058082778,-0.061493116,2
-0.23500556,0.232219363,-0.090307617,0.167155402,-0.183998749,2
-0.26863679,0.239668577,-0.141804831,0.081553562,0.002757022,2
-0.270318351,0.248987582,-0.200578712,0.109919072,-0.028640633,2
-0.32445531,0.314668221,-0.000268719,-0.092199783,0.052340436,2
-0.333274902,0.29162113,-0.240430549,-0.064098725,-0.101970195,2
-0.290323707,0.281040658,-0.125985479,0.074714127,0.035219125,2
-0.214747071,0.248959675,-0.083312652,0.074646438,-0.1305021,2
-0.247524523,0.121583174,-0.094315711,-0.120265288,-0.119690747,2
-0.341738683,0.260535924,-0.231647441,0.031885106,-0.116416868,2
-0.286964383,0.223269378,-0.031367811,-0.134236119,-0.016648332,2
-0.315298073,0.337603524,-0.143454785,-0.033953295,-0.007807469,2
-0.190312332,0.172603779,-0.167469901,0.041899557,0.029780252,2
-0.391799431,0.378742746,-0.395569997,-0.071143523,0.010284054,2
-0.333667088,0.320571246,-0.247876817,0.089550523,0.096213062,2
-0.230644285,0.226864139,-0.169854278,-0.155779301,-0.085461215,2
-0.039552591,0.022011721,-0.011746912,-0.025786939,0.009536179,2
-0.356162004,0.300041301,-0.286741424,-0.014275586,0.071909384,2
-0.228228154,0.21361633,-0.169992466,0.019037316,0.096827327,2
-0.355632692,0.315859146,-0.153283024,-0.030589013,-0.026569668,2
-0.328425032,0.357002332,-0.16598222,0.037199976,0.125833821,2
-0.150722996,0.143679409,-0.036155989,0.026626411,-0.04936683,2
-0.097416206,0.056116021,-0.073597084,-0.02439902,-0.087485956,2
-0.225955036,0.200029095,-0.180507318,-0.237958754,0.0538972,2
-0.265906546,0.246671117,-0.227199577,0.092510354,0.074760514,2
-0.191765924,0.22191766,-0.138537018,-0.040039598,0.009353451,2
-0.305879485,0.255129109,-0.191295865,-0.081100601,0.207201246,2
-0.349916973,0.289763895,-0.207432019,0.105341394,-0.096297921,2
-0.358699878,0.335218143,-0.20893847,-0.225790466,0.198789995,2
-0.316196941,0.245763244,-0.205025387,-0.121248862,-0.337233811,2
-0.209733536,0.210180307,-0.138032067,0.032079606,-0.001786933,2
-0.302257436,0.349764658,-0.076677501,0.116636621,0.1364825,2
-0.279234021,0.295261862,-0.080236453,-0.077535426,0.14209896,2
-0.106084747,0.09013684,-0.040219471,0.178354379,-0.132765783,2
-0.333637668,0.302042421,-0.17421283,0.147565817,-0.015760783,2
-0.385784596,0.271657237,-0.241781417,-0.064274373,-0.204499114,2
-0.294433355,0.267160183,-0.270243233,0.052167234,0.197312149,2
-0.251013424,0.222236204,-0.21629925,0.135071132,0.063766122,2
-0.078600985,0.085130394,-0.02678592,-0.00631645,0.08725084,2
-0.36738027,0.314272323,-0.18477794,-0.07437237,0.203411041,2
-0.27138019,0.289435373,-0.229424802,-0.007116121,-0.033947816,2
-0.060250587,0.064064462,-0.033036606,0.00128842,-0.002312311,2
-0.149070964,0.13445619,-0.076280334,0.015762615,-0.021811815,2
-0.320456143,0.345260718,-0.119311601,-0.055001014,-0.048275117,2
-0.183746286,0.108707584,-0.087587761,-0.044475739,-0.008852037,2
-0.295156329,0.304381064,-0.101835818,0.028624724,-0.038510572,2
-0.114164008,0.100595151,-0.064495615,-0.018918984,0.00176935,2
-0.340106762,0.308165605,-0.203783411,-0.16513019,0.022580725,2
-0.249282821,0.25659434,-0.10122983,0.123362455,0.246726798,2
-0.115049562,0.078066193,-0.061282921,-0.103921069,0.030129661,2
-0.175431402,0.181422716,-0.068862916,0.006452416,0.212912351,2
-0.25123712,0.244950927,-0.176559039,-0.096090076,-0.152744484,2
-0.34896388,0.291413523,-0.199156294,0.116010101,-0.017704762,2
-0.354929525,0.281702509,-0.118991009,0.096374972,0.020160227,2
-0.053906837,0.052177033,-0.016716474,-0.0282189,-0.055441605,2
-0.257981077,0.190851681,-0.181528858,0.112867372,0.066594528,2
-0.068170981,0.038691547,-0.006908744,0.060509306,0.060990503,2
-0.318801969,0.316874941,-0.107886817,-0.145931276,-0.164879741,2
-0.319398919,0.289271721,-0.217637847,-0.045068578,0.118852338,2
-0.261230197,0.204695201,-0.189517809,-0.195958825,-0.019385712,2
-0.382743204,0.43457315,-0.188377007,-0.005177487,0.12451021,2
-0.183216581,0.077511939,-0.174196464,-0.080794587,0.13581799,2
-0.240607613,0.202095206,-0.150253878,-0.140024806,0.049518498,2
-0.288250091,0.231863496,-0.068599724,0.067790219,0.105813201,2
-0.197282487,0.132768691,-0.127108021,-0.086981475,0.084716864,2
-0.33510338,0.313774363,-0.144839779,0.115608405,0.020077202,2
-0.267376879,0.246132481,-0.205196799,0.048146535,-0.024246895,2
-0.305453271,0.197909368,-0.179936805,0.120750562,0.03137445,2
-0.341052284,0.34921521,-0.224874799,-0.081786461,-0.006375274,2
-0.303510109,0.316443863,-0.172310013,-0.090345859,0.091361115,2
-0.100628061,0.055992315,-0.084495776,-0.038046795,0.005709145,2
-0.378025411,0.349423662,-0.290672055,0.043565179,0.110738645,2
-0.276664242,0.224218993,-0.149260152,0.153831017,0.034732168,2
-0.142924144,0.095456009,-0.135655773,-0.061851233,0.069726557,2
-0.094522799,0.090653401,-0.094611924,-0.018646575,0.03276342,2
-0.390821104,0.346284598,-0.260871291,-0.169474479,-0.059526876,2
-0.325361122,0.204455034,-0.182630199,-0.146668004,-0.118964678,2
-0.371392585,0.392308333,-0.281287363,0.002611593,0.17218481,2
-0.346965755,0.26297868,-0.195431809,0.06253105,0.042912452,2
-0.201907062,0.153465304,-0.098711499,0.03524905,-0.072275638,2
-0.24391138,0.289231938,-0.127579446,-0.180215108,-0.056281919,2
-0.38277366,0.410505445,-0.222088725,0.103947176,0.096281648,2
-0.113041901,0.08958751,-0.057611069,-0.055491771,0.022553014,2
-0.324643567,0.327196709,-0.089655966,-0.015867073,0.027218949,2
-0.332515347,0.312918473,-0.171420423,-0.249109219,-0.188641274,2
-0.351737761,0.291355907,-0.154260294,0.139364982,0.033494238,2
-0.39002015,0.330635129,-0.2131973,-0.098391016,-0.203164012,2
-0.315474468,0.275021309,-0.06946508,0.074325028,-0.011962446,2
-0.232862918,0.213426738,-0.150925448,0.012221334,0.177488222,2
-0.36240018,0.292719634,-0.388576215,-0.19493479,0.062329585,2
-0.169019849,0.167752813,-0.078160825,0.103147073,-0.060503099,2
-0.364712166,0.281437592,-0.206169601,0.153221353,0.325205959,2
-0.187039726,0.198551771,-0.112355317,-0.083973654,-0.04890983,2
-0.09817515,0.131070793,-0.053475626,-0.045469754,-0.001984828,2
-0.182688778,0.138336454,-0.024512914,-0.06778933,0.039173961,2
-0.336439333,0.362782018,-0.108260076,0.155499457,0.070362768,2
-0.145097287,0.152433654,-0.123509029,-0.029057625,-0.043349366,2
-0.189430891,0.132437641,-0.028643796,0.071642632,-0.017714368,2
-0.338418408,0.375823506,-0.143120931,0.092141948,-0.035703377,2
-0.381748777,0.402569615,-0.243756157,0.304173228,-0.267496635,2
-0.230076215,0.28637314,-0.100584706,-0.057583361,-0.067227006,2
-0.055637573,0.051948875,-0.022255588,0.037715608,-0.043937813,2
-0.242486767,0.221564002,-0.018617346,0.029382645,-0.036241768,2
-0.38389037,0.243666978,-0.192657081,-0.119234212,0.114808826,2
-0.219929572,0.126038827,-0.038025925,-0.001732703,-0.105525269,2
-0.409269012,0.338728773,-0.184144044,-0.065865448,-0.12807663,2
-0.377630202,0.328940196,-0.217621509,-0.04882091,-0.0283479,2
-0.358294074,0.292282457,-0.208883522,-0.079356925,-0.108971489,2
-0.184547738,0.157978939,-0.123562429,0.190371487,-0.020330339,2
-0.254800667,0.22423533,-0.098279561,0.034981319,-0.244160774,2
-0.048947708,0.060406816,-0.007307152,0.031516511,-0.035269531,2
-0.333220947,0.298491228,-0.228983701,0.192762052,0.067927459,2
-0.224203972,0.19955329,-0.143033836,-0.185778644,0.093324426,2
-0.195179039,0.230142288,-0.024599502,0.013823323,0.033677186,2
-0.326932437,0.348542525,-0.202306433,-0.038894647,-0.109163061,2
-0.22344323,0.22509566,-0.018355937,0.136954944,0.100818728,2
-0.280731984,0.255875142,-0.158317999,-0.128761846,0.214854136,2
-0.289364353,0.262223515,-0.181160873,-0.095925969,-0.028141455,2
-0.191879304,0.259496921,-0.016200252,-0.055512648,0.077142085,2
-0.135394152,0.129428286,-0.01331969,-0.002514772,0.071167152,2
-0.286009372,0.285583762,-0.123541131,-0.011998879,-0.012452322,2
-0.312945409,0.365668483,-0.215437559,0.017487381,-0.019324573,2
-0.325707775,0.298796934,-0.16087988,0.092171191,0.063217127,2
-0.201316766,0.185491421,-0.160068707,0.036778655,0.026305057,2
-0.358013569,0.323038697,-0.166220723,-0.158975281,-0.05490807,2
-0.312441306,0.311179083,-0.171304454,-0.046021315,-0.019386497,2
-0.279469778,0.236401733,-0.142954337,-0.044019407,0.019090131,2
-0.398790241,0.387381222,-0.144240778,0.044913897,-0.114567607,2
-0.103769667,0.101358842,-0.037048867,-0.071967224,-0.021037279,2
-0.2889911,0.257064226,-0.129763916,0.222223043,0.021924719,2
-0.304581061,0.314755527,-0.147790658,-0.073056318,-0.104916765,2
-0.328734868,0.360933515,-0.16004657,-0.057718991,0.07457835,2
-0.253652205,0.296195457,-0.079669409,0.180163741,-0.172588122,2
-0.15492745,0.113077089,-0.029192069,-0.043182376,-0.044339284,2
-0.30998279,0.343265903,-0.267233962,-0.052102403,-0.168294119,2
-0.24554986,0.225477191,-0.268310599,-0.147068158,-0.198886034,2
-0.259849492,0.161653026,-0.021614462,0.052318716,-0.100922913,2
-0.174915234,0.149191105,-0.143525249,0.178903147,-0.011238186,2
-0.364654999,0.269043036,-0.295308167,0.056242241,-0.021002528,2
-0.275864214,0.278774079,-0.076485884,-0.254142542,-0.08251399,2
-0.275607387,0.268538961,-0.166420409,-0.036426109,0.068413152,2
-0.096241504,0.133661498,-0.057585622,0.016912819,0.090106779,2
-0.107216687,0.076337315,-0.061118423,-0.103256987,-0.009141509,2
-0.214351337,0.236589394,-0.097504473,-0.128909631,0.059706225,2
-0.1378701,0.125124823,-0.108234678,-0.081910439,0.138177999,2
-0.258344321,0.224377176,-0.150725147,0.045904257,-0.059922586,2
-0.12509635,0.139682055,-0.042243679,-0.013183202,-0.021447626,2
-0.384832378,0.36846723,-0.246243731,0.010111937,0.076175478,2
-0.309097334,0.299133782,-0.119844631,0.120421651,-0.023986026,2
-0.319322894,0.290357096,-0.199450589,0.061030525,0.023995777,2
-0.387333922,0.29876376,-0.183609789,0.000580919,-0.152915033,2
-0.365105276,0.341142046,-0.243758065,-0.189582726,-0.222914264,2
-0.043065595,0.043283809,-0.043114149,0.014067459,-0.002288553,2
-0.102710169,0.089706583,-0.036717252,0.02433365,0.071759864,2
-0.18742596,0.121625866,-0.116358239,-0.095094229,-0.162425053,2
-0.27251301,0.166659832,-0.151684363,0.092310961,-0.091978272,2
-0.36593835,0.302908232,-0.220236629,0.04184172,0.159970221,2
-0.095509527,0.087680928,-0.070358182,0.026271486,0.062650433,2
-0.143618549,0.159035128,-0.1284698,0.05249971,0.017316017,2
-0.255830247,0.268893388,-0.12247375,-0.033517059,0.008468518,2
-0.338224481,0.384451903,-0.220326823,-0.190020224,-0.072718525,2
-0.1801848,0.130068533,-0.06040617,-0.03416224,0.161533725,2
-0.183227992,0.127524557,-0.036113902,0.052478434,-0.059081206,2
-0.115481507,0.103343671,-0.081981149,-0.044415487,0.006835595,2
-0.233330303,0.274655264,-0.147687647,-0.085021378,0.056412993,2
-0.338164117,0.318079312,-0.077348481,0.062703877,0.164523981,2
-0.086964317,0.1154037,-0.07066254,-0.01135582,-0.006528562,2
-0.035450813,0.036022022,0.011692265,0.062050403,-0.003124049,2
-0.29073701,0.264779771,-0.084080365,0.012242805,-0.112986453,2
-0.393529982,0.395140666,-0.187674804,0.052414888,-0.16738899,2
-0.276870625,0.250986347,-0.233299161,0.09250343,0.182191732,2
-0.276077507,0.29652573,-0.087994047,0.001820723,0.010970369,2
-0.113293292,0.041886562,-0.081824905,-0.07573357,-0.018663864,2
-0.193445715,0.175351964,-0.144649399,-0.05384797,0.020347661,2
-0.294219746,0.254085866,-0.224392167,0.158727008,-0.252402418,2
-0.195688228,0.201879909,-0.16637304,0.000672753,0.141433688,2
-0.309285485,0.294367139,-0.190866456,0.199051892,0.174634143,2
-0.246992396,0.249461445,-0.226993963,0.107188892,-0.127986284,2
-0.320493117,0.238641644,-0.242888725,0.032129418,-0.079827235,2
-0.236610929,0.283559588,-0.12833326,-0.130108724,0.130917214,2
-0.373765561,0.442398535,-0.107125711,0.070439922,-0.16534668,2
-0.392554515,0.321852844,-0.176068939,0.046983524,0.04538855,2
-0.284359126,0.287086413,-0.206971049,-0.004479352,-0.073985114,2
-0.106842614,0.10095209,-0.129298423,-0.006614735,-0.014266308,2
-0.333386737,0.326841672,-0.185209782,0.062592602,0.183368831,2
-0.343102063,0.197694375,-0.229147846,0.186586896,-0.135068824,2
-0.231876037,0.266251302,-0.101495475,0.101178963,0.074014764,2
-0.304323831,0.323534012,-0.182007037,0.119354767,-0.042692391,2
-0.237205361,0.252731667,-0.236580643,0.064104846,0.10660745,2
-0.256934647,0.25873379,-0.21034559,0.067197768,0.095337446,2
-0.23713014,0.206480399,-0.059383511,0.013000037,0.119653321,2
-0.688241043,0.116143502,0.167222933,0.045757485,-0.046830392,3
-0.71783106,0.157120065,-0.171669919,-0.167670257,-0.231787327,3
-0.466733931,0.029625708,-0.015190246,-0.137599424,-0.172059302,3
-0.784771095,0.257330523,-0.017380102,0.307970748,0.278025376,3
-0.131182767,0.016489851,-0.036479221,0.10382836,-0.001228529,3
-0.736150597,0.078558092,0.055179367,-0.016232072,0.054010992,3
-0.432396934,0.161165662,-0.094315884,-0.165967938,-0.011299124,3
-0.064520702,-0.016803604,0.061625782,0.05203895,-0.006348674,3
-0.441473959,0.096382517,-0.020788441,0.135316995,0.244340424,3
-0.837506989,0.101379069,-0.144756371,0.331030846,0.172130395,3
-0.816985644,0.265764018,0.154774317,0.068225257,-0.324738709,3
-0.754560095,0.19649925,0.101327871,0.260482193,0.425235158,3
-0.909720503,0.130373113,-0.07945564,-0.088361844,0.059764922,3
-0.400274152,-0.082010338,-0.017523382,0.048506746,0.004214361,3
-0.958442109,0.12230908,-0.04507682,0.031998316,0.41337917,3
-0.844021059,0.151647196,-0.112746251,0.051704798,0.102914778,3
-0.712472364,0.059317359,-0.033436569,-0.031930339,-0.225185657,3
-0.658384398,0.119608311,0.135926292,0.13713331,0.366193853,3
-0.41834654,0.102839123,0.020832799,-0.153913865,0.040481203,3
-0.749124433,0.276299101,0.104485217,-0.759567405,0.147247471,3
-0.690838028,0.209042587,0.083981527,-0.057480095,-0.041767301,3
-0.654078174,0.205887877,0.065577552,0.134467112,0.308928903,3
-0.948004575,0.234647215,0.027136601,0.242123244,0.105618204,3
-0.462998549,0.126598831,0.052500149,0.24892841,-0.04491526,3
-0.49586801,0.063380429,-0.075489824,-0.057564839,-0.158725496,3
-0.2344869,0.13372166,-0.03126162,0.016315095,0.053448455,3
-0.838745584,0.037903236,-0.066569043,-0.008402605,-0.091249966,3
-0.872935619,0.150822692,-0.116203296,0.143901776,-0.811879279,3
-0.605408995,0.030716039,0.10843099,-0.111378501,0.17707066,3
-0.717988294,0.102150366,-0.014069599,0.006185458,-0.053167317,3
-0.738660553,0.140846167,0.215651705,0.389012116,-0.176126405,3
-0.896406527,0.316012352,0.134971929,-0.212605602,-0.152264359,3
-0.930998509,0.224151975,0.125231439,0.202431874,0.12113351,3
-0.780546722,0.191463517,0.025061871,0.557033379,-0.291666837,3
-0.706000318,0.119568494,-0.045260313,-0.337288881,-0.652262778,3
-0.253098563,0.105990766,-0.039920975,-0.13843931,0.045033371,3
-0.989506307,0.40529296,-0.010206421,0.028109903,-0.16587366,3
-0.851274712,0.342472703,0.028813463,0.051212742,0.393391204,3
-0.642329459,0.085206294,-0.030841845,0.120347677,0.302698816,3
-0.840933294,0.104794024,-0.129463461,0.283896705,-0.613285779,3
-0.921601114,0.094126785,-0.058263297,0.000775948,0.196974707,3
-0.166204934,0.078327167,-0.00466113,0.057467649,-0.014281222,3
-0.597837925,0.142352067,0.112716883,-0.194394825,-0.110463945,3
-0.798375413,0.235774358,0.010741805,0.032962156,-0.351014835,3
-0.632233439,-0.031804754,0.057496689,0.348364092,-0.17303054,3
-0.816323631,0.172887051,-0.049741498,-0.038335102,0.512092358,3
-0.468414931,0.04975464,0.150389712,0.134848373,-0.024188117,3
-0.716306243,0.085002125,-0.051864318,0.162158824,0.297836818,3
-0.730486048,0.213080553,0.211247482,0.477920759,-0.188399797,3
-0.454991741,0.107607407,-0.032125794,-0.038009247,-0.125096838,3
-0.411962976,0.202171784,-0.003123133,0.055594864,-0.129853144,3
-0.649066885,0.226073456,-0.065235873,0.028190076,-0.142716016,3
-0.141279176,-0.010494663,0.074183528,0.033157659,0.102135792,3
-0.882515131,0.313163806,-0.028865688,0.348269021,0.107173941,3
-0.823196532,0.151288213,0.261858957,-0.403132942,-0.120056455,3
-1.009298884,0.039760107,-0.054927514,0.147955205,0.357762168,3
-0.628134852,0.069054957,-0.086764573,-0.332590096,0.121760928,3
-0.57353993,0.063425675,-0.183795046,0.118659988,-0.091173005,3
-0.707374659,0.268063968,-0.047934543,-0.090236649,-0.158968355,3
-0.803130958,0.22686504,-0.109380631,0.215580318,-0.262630998,3
-0.349283888,0.040833391,0.028829752,0.136945877,0.018398178,3
-0.306381467,0.087190753,0.106410085,0.016459294,0.023490601,3
-0.477877006,0.019108612,0.109533516,-0.111834632,-0.008130713,3
-0.551599393,0.153330407,-0.122340924,0.085695992,0.172430888,3
-0.538084493,0.158424241,0.196290928,-0.103118285,-0.13382965,3
-0.530722582,0.160967797,0.281760224,0.108834837,0.044364948,3
-0.809506545,0.14528341,0.216458325,-0.057686854,0.276267426,3
-0.684023603,0.176713765,0.02119565,-0.353003165,-0.526339423,3
-0.943233251,0.156698884,-0.035186213,0.046625745,0.288568147,3
-0.863768808,0.163254559,-0.033413563,0.169205662,0.089583382,3
-0.658046769,0.084793515,0.013424754,0.174300983,-0.388080188,3
-0.690001958,-0.123074196,0.143286479,0.167262579,-0.15755669,3
-0.85749464,0.147890844,0.051240368,-0.108264177,0.09497275,3
-0.626912087,0.105000101,0.064038478,-0.137104768,0.249973932,3
-0.27894486,0.065654519,0.069288624,-0.104948432,-0.052545535,3
-0.092517656,0.00773394,0.076735722,0.037062318,0.094280879,3
-0.864191815,0.11989833,0.137790108,-0.230799268,-0.086771827,3
-0.843613388,0.172082773,-0.089189,0.325271439,-0.231456294,3
-0.161591773,0.082414043,0.066777724,-0.145557307,0.026680087,3
-0.409609356,0.006139298,-0.036593774,-0.112099421,0.171361236,3
-0.496152799,0.042298688,-0.036594153,0.010121,-0.127749997,3
-0.892509908,0.173912354,-0.140991557,-0.170505115,-0.0641309,3
-0.674199362,0.26949532,0.007459264,-0.084847646,-0.249406334,3
-0.776131237,0.100367536,-0.045356099,0.322463562,0.510365335,3
-0.626374953,0.076181151,0.035489038,-0.255869884,0.098445815,3
-0.715863009,0.208191646,0.005495416,-0.476599128,-0.300679142,3
-0.243867703,0.029541361,-0.061098797,0.034719641,0.036072708,3
-0.42983449,0.15657741,0.086842736,0.060275114,-0.085665196,3
-1.018646437,0.200911457,-0.073127411,0.002417565,-0.538635195,3
-0.473216793,-0.003619744,-0.046887406,0.101438293,-0.112950672,3
-0.922206095,0.120032025,0.137640719,0.257309934,-0.305333945,3
-0.70219286,0.137111434,0.149846634,0.149686224,-0.12140472,3
-0.594462704,-0.007770793,0.131988978,0.334977391,0.061138963,3
-0.93802816,0.135805094,-0.017071735,0.291330553,-0.030824633,3
-0.764181005,0.117580951,0.053684725,-0.190115269,0.093440739,3
-0.886010074,0.236072665,0.15771061,-0.301830662,-0.060026625,3
-0.736534885,0.214326164,-0.129089863,-0.089006578,-0.14339601,3
-0.177750292,0.002936166,-0.070066827,0.100669373,-0.01650267,3
-0.847438549,0.280730335,-0.191988775,0.036748497,-0.471350118,3
-0.437016752,0.08978282,0.0029257,-0.12049859,0.067082083,3
-0.751010544,0.124010524,0.03724642,-0.188494822,-0.002935355,3
-0.977906021,0.149925304,0.237053867,-0.467718679,-0.003671522,3
-0.603970395,0.073647703,0.2505627,-0.202296707,0.134256971,3
-0.419103056,0.056096926,0.130373991,-0.250117636,-0.010516993,3
-0.843875705,0.272186557,-0.085253954,-0.005177676,-0.02337748,3
-0.759050494,0.214498563,0.133208504,0.338493815,0.348875142,3
-0.772254765,0.162437121,-0.031106581,0.276514237,0.284614554,3
-0.86867535,0.183397455,0.074378319,-0.046963801,0.25122584,3
-0.460496937,0.100781482,0.132698804,-0.012561156,0.071279856,3
-0.634194875,0.378076152,-0.140075742,0.186125631,-0.134900605,3
-0.25173292,0.07644916,-0.081710967,-0.200490689,-0.054826351,3
-0.312206572,0.107300779,-0.018754049,-0.21136338,0.18638967,3
-0.092568218,0.059276253,-0.071500703,0.015850691,0.02892061,3
-0.972658053,0.223244773,0.10524499,0.218059288,0.095742887,3
-0.734066067,0.11293072,0.104634117,-0.048107681,0.139320429,3
-0.739708364,0.083635969,0.310433687,0.208725377,0.187827125,3
-0.226860292,0.141953544,0.044226799,0.039665836,-0.057328152,3
-0.819295483,0.063665058,0.047829887,0.067453169,-0.222684512,3
-0.616947765,0.020012379,0.034901546,0.036413103,0.138385301,3
-0.817573995,0.322096461,-0.224539357,-0.231730743,0.286626868,3
-0.417810594,0.070876774,0.025890402,0.131232008,-0.005651312,3
-0.818549545,0.13257804,-0.117816155,0.222455476,-0.042938629,3
-0.637928283,0.097808353,0.080497851,0.124351532,0.041279632,3
-0.799903035,-0.091627911,0.178441825,0.061967576,0.147990535,3
-0.717353965,0.094065592,-0.232352746,-0.09847231,0.236117138,3
-0.565706143,0.085511092,0.049736795,0.021910606,-0.211617135,3
-0.682556338,0.147681536,-0.059891156,0.065285706,0.346559679,3
-0.211932342,0.115713464,-0.078697308,0.190825878,-0.020434434,3
-0.310162407,0.130270555,0.139018297,0.073859938,-0.17490773,3
-0.949102564,0.086163925,0.129941663,-0.354269422,0.152636237,3
-0.920462245,0.004784909,-0.129115377,-0.130502567,-0.416547568,3
-0.701195342,-0.058087417,0.208835687,0.064108151,0.162914145,3
-0.961073611,0.220520695,0.126030716,0.145050907,0.158168556,3
-0.831297409,0.146010553,0.01819116,0.213396871,0.03483053,3
-0.884018242,0.164523786,0.050171969,-0.40503625,0.141088305,3
-0.707474309,0.126402705,-0.175167735,-0.156439722,0.026100775,3
-0.882585308,0.106794434,0.003109237,-0.09133047,0.139001398,3
-0.919037208,0.218062905,-0.015570398,0.088557712,-0.180086087,3
-0.336004509,0.069979672,-0.024248217,0.131165117,-0.054832196,3
-0.38292538,0.033241015,-0.167780933,-0.076262196,0.029736446,3
-0.537610171,0.11014006,-0.249524095,0.007119379,0.121900853,3
-0.590336801,0.076515593,-0.085742836,0.11930736,-0.309599826,3
-0.924673634,0.184563701,0.065933026,0.034414903,-0.33268812,3
-0.898339957,0.255059244,0.010504692,-0.056060981,0.214862097,3
-0.694794762,-0.028820188,-0.180630171,-0.028687946,0.124464244,3
-0.732347001,0.054945907,0.121754866,0.040005587,-0.110226124,3
-0.885896368,0.189420314,0.017497883,-0.238300319,-0.00987344,3
-0.365590633,0.044335053,-0.136928926,-0.22284669,0.283280784,3
-0.581133755,0.023639893,0.008797422,0.193215267,0.298786128,3
-0.51583022,0.113964431,-0.082861604,0.014222405,0.213705014,3
-0.590363681,0.061374162,0.111289219,-0.188410152,-0.273113009,3
-0.578697835,0.111125782,-0.099333334,-0.061331057,-0.049707416,3
-0.342230478,-0.041977721,-0.116648591,0.033792901,-0.091568548,3
-0.680932067,0.159374955,0.135439882,-0.25825421,0.073066669,3
-0.851467259,0.071206898,0.133503366,0.167246912,0.170829105,3
-0.481005342,0.208335984,-0.059902024,-0.133068881,0.23043469,3
-0.848266128,0.190010477,0.032395264,-0.178580176,-0.591201614,3
-0.347680587,-0.020686403,-0.045623027,0.065186288,-0.177154775,3
-0.615438206,0.106074575,-0.138037118,0.406720929,-0.100188135,3
-0.69773519,0.222211569,0.064682436,0.086011231,0.110562185,3
-0.858255846,0.230505154,-0.056810461,0.042716792,-0.037119699,3
-0.585572225,0.102874346,0.038295105,-0.01388593,0.189530468,3
-0.58269027,0.097132468,0.051657939,0.04703438,0.138137147,3
-0.744470487,0.117336484,0.04120336,0.127346121,0.044055644,3
-1.010749631,0.197750731,0.227731706,-0.316054699,0.181429998,3
-0.924505203,0.079718085,-0.200690122,0.018620546,0.163994791,3
-0.697099803,0.024286319,-0.066893956,-0.232399491,-0.252886571,3
-0.919646215,0.188137233,-0.068692944,-0.023147266,0.391644894,3
-0.494223979,0.133236955,-0.079465766,-0.165552101,-0.206526088,3
-0.649769547,0.035996547,-0.137682975,0.113634178,-0.063234355,3
-0.870006513,0.225399771,0.050047767,-0.011269359,-0.03042818,3
-0.750334381,0.227806465,-0.210577346,0.166055408,-0.016219128,3
-0.906354035,0.046034007,0.198965202,0.41388335,-0.145395552,3
-0.562278961,0.042427794,0.000411955,-0.206572024,-0.235134445,3
-0.813422226,0.225366175,-0.034897727,-0.049950909,0.337819311,3
-0.648551101,0.193630595,-0.118808149,0.41973677,-0.44853995,3
-0.899876131,0.052184858,0.021434352,-0.309491469,-0.429286881,3
-0.595047313,0.13642464,-0.093346887,-0.090391355,-0.022745137,3
-0.184679821,0.143296636,0.040322482,0.01301715,0.0664572,3
-0.649549295,0.229993705,-0.167341126,0.025985789,-0.193597011,3
-0.436233154,0.104713212,0.088868877,-0.107782367,-0.02872956,3
-0.743888683,0.217408709,-0.101406852,-0.263128978,-0.179297958,3
-0.424983397,0.079269161,0.120448297,0.051147659,-0.01556805,3
-0.743053067,0.171210869,0.00267021,-0.019672759,-0.138151316,3
-0.961120828,0.144183521,-0.083578757,0.378497912,0.225373405,3
-0.729691968,0.24179038,-0.179056006,-0.395077535,0.312239253,3
-0.344405226,0.139947068,0.001747252,0.16153416,-0.065491983,3
-0.4221461,0.01133152,0.11131118,-0.008978207,0.115184194,3
-0.815455235,0.097638455,-0.071204617,-0.120029169,0.395857438,3
-0.396656741,0.134632201,-0.036663475,0.055375021,0.193506826,3
-0.452351946,0.133111465,-0.017303008,-0.049303475,-0.094818412,3
-0.75882341,0.139093596,-0.12700975,-0.097860713,0.20069098,3
-0.516043869,0.201314798,-0.079077257,-0.289146016,0.107789408,3
-0.86097589,0.162314023,-0.008112836,0.387538547,-0.169549699,3
-0.833723095,0.29455047,-0.145321671,0.442117709,0.233843712,3
-0.682291486,0.037425399,0.102214176,-0.324878711,-0.282557247,3
-0.639056273,0.0773594,-0.093231842,-0.213128012,-0.253252406,3
-0.942512442,0.350147991,0.122929472,-0.160678665,0.113671632,3
-0.457837928,0.184329778,-0.098904922,-0.180679142,-0.038378949,3
-0.795089179,0.029975232,-0.033809076,0.332306981,-0.41199191,3
-0.842217371,0.109447992,0.093638153,-0.195063266,-0.383465013,3
-0.85588856,0.145267853,-0.162010513,-0.371358191,0.080158879,3
-0.73699259,0.139279124,0.204926164,-0.168334918,-0.157590188,3
-0.379932001,0.123144057,0.102933559,0.044196664,0.264088126,3
-0.563321163,0.048910907,-0.073886372,-0.158714181,-0.18847761,3
-0.65240216,0.185512866,0.089789796,0.231818415,-0.13732554,3
-0.724335475,0.185002329,0.145613842,-0.018039857,-0.083082023,3
-0.70880062,0.27081028,-0.25216367,-0.28149668,0.539328479,3
-0.922408224,0.112416726,-0.047855508,0.289025502,0.298808185,3
-0.600826492,0.021223687,0.054395388,0.370138343,0.096563905,3
-0.640025926,0.096897985,-0.059639654,0.328114297,-0.119018006,3
-0.79136298,0.193431512,-0.087305264,0.124562132,-0.002193893,3
-0.706621263,0.22041272,-0.017963192,-0.223708312,-0.066117794,3
-0.460880796,0.130308105,-0.092974116,0.162169273,0.165444051,3
-0.837538059,0.090781169,0.056534419,-0.012616281,-0.257968318,3
-0.935965372,0.224341019,-0.108725557,0.146403745,0.04163395,3
-0.36747548,0.103505354,-0.072110631,-0.258055738,0.000755933,3
-0.407191726,0.005671032,-0.090829474,0.000376553,-0.027242295,3
-0.932076326,0.152881102,0.092344574,-0.369054903,-0.019192328,3
-0.879765824,0.241871789,-0.019246751,-0.204988105,0.145662843,3
-0.374569977,0.053234294,0.095861304,-0.119927192,-0.196144474,3
-0.641139637,0.060382796,-0.087541733,0.087992761,0.065824532,3
-0.380621291,0.057263804,0.157766363,-0.016032094,0.155779623,3
-0.708468066,0.077262958,-0.142230343,-0.137067345,0.018755345,3
-0.353587388,0.063973756,-0.041537606,-0.011571183,-0.076501019,3
-0.752744805,0.164048916,0.00894286,0.05978875,-0.167546902,3
-0.620343587,0.189693692,0.081061348,0.21816995,0.045539253,3
-0.745554942,0.130375471,0.00746002,-0.42267888,0.091229073,3
-0.807323561,0.109183547,-0.093717293,0.118784375,-0.132565307,3
-0.70787113,0.142988354,0.281956338,0.183781585,0.152018141,3
-0.669431914,0.093163832,-0.154292509,0.281683285,0.077908119,3
-0.586238753,0.202392613,0.054644609,0.055505479,0.051782685,3
-0.309068322,-0.076359901,-0.068026214,0.076847005,0.108385863,3
-0.885712027,0.131886765,0.135272318,-0.202564657,-0.157244191,3
-0.732782925,0.126225725,0.022272511,-0.115958847,0.221847564,3
-0.753441717,0.181187619,0.017302621,0.197289193,0.263400543,3
-0.593252858,0.157988256,0.123119569,0.170914872,0.310887552,3
-0.668552176,0.145991336,0.129534522,-0.17389005,-0.049954298,3
-0.46936561,0.119645228,-0.101042246,-0.218084761,0.036571164,3
-0.584793189,0.099703892,0.211994746,-0.016112322,0.224874929,3
-0.891005669,0.104209891,-0.091100313,-0.112840702,0.130957,3
-0.888162858,0.234223639,0.165787936,-0.359084952,0.25643639,3
-0.924462793,0.218807893,-0.031913576,-0.21900806,-0.334050211,3
-0.578907445,0.070551927,-0.142889322,-0.2584666,-0.096974375,3
-0.884186702,0.190434951,-0.189486826,0.300610057,-0.229414698,3
-0.70253807,0.121263579,0.208108507,0.282820367,-0.173260617,3
-0.286899578,0.092276258,-0.069624418,-0.151768076,0.06149767,3
-0.89454676,0.111589838,-0.086732808,-0.348784101,0.033769748,3
-0.942966481,0.303151258,0.039617319,-0.24524412,0.056575529,3
-0.609385446,0.165862405,-0.010674123,0.100410452,-0.048505674,3
-0.474597029,-0.00196095,0.227333914,-0.164775187,-0.275699234,4
-0.720148413,-0.06614425,0.293776429,-0.044380228,0.326989081,4
-0.636341488,-0.072631978,0.338576282,-0.165246214,-0.228266009,4
-0.220383427,0.04389932,0.113270567,-0.078035983,0.166133503,4
-0.571614154,-0.089152459,0.213893799,-0.275004889,0.120029299,4
-0.573542418,-0.040557876,0.541501378,-0.207804579,0.156284395,4
-0.260290396,0.037944416,0.163343608,0.147310346,-0.023905202,4
-0.678763978,-0.003475689,0.295104236,0.170966656,-0.059610256,4
-0.607144222,-0.054865589,0.120377283,0.237576278,0.165287995,4
-0.622282833,-0.088409702,0.14293888,-0.062100621,0.072806184,4
-0.239915424,-0.084782206,-0.018263943,-0.0096666,-0.014185813,4
-0.168431959,0.009680332,0.086255577,-0.038657599,-0.144585246,4
-0.420592885,-0.086895194,0.142544221,0.097139391,-0.109743001,4
-0.291198529,0.067532778,0.187566131,0.015707687,-0.218902271,4
-0.466170832,-0.054457118,0.155459422,0.031019553,-0.011476982,4
-0.474734277,-0.030121108,0.197855983,-0.30124959,0.073451954,4
-0.441329116,0.041588909,0.134201146,-0.018942558,0.058442498,4
-0.643428287,0.032003685,0.352846827,-0.454001859,-0.017980723,4
-0.757930877,-0.03420045,0.274294896,-0.181243222,0.149365077,4
-0.691868672,-0.018153402,0.44582207,0.023312767,0.183987267,4
-0.091385238,-0.012525967,0.04972038,0.080857383,-0.006777692,4
-0.600927141,-0.066674137,0.240555114,-0.009975419,-0.025783281,4
-0.479781508,-0.019792866,0.307960469,-0.108717158,0.149436174,4
-0.633035,-0.116195206,0.183048613,-0.027572398,0.124153504,4
-0.617482043,0.030919433,0.419163352,0.047886131,-0.137570508,4
-0.380883589,0.006990613,0.216993042,-0.069506088,-0.076428964,4
-0.291274654,-0.107122117,0.0413323,0.088286965,-0.068223893,4
-0.68943316,-0.027873497,0.358883082,-0.073303904,0.509660377,4
-0.402631504,-0.031110988,0.192610154,-0.027384487,-0.124217438,4
-0.583008629,-0.048083358,0.195299528,0.081734427,0.049046223,4
-0.600495148,-0.066028807,0.430875233,-0.138161362,0.042008558,4
-0.479146507,-0.099400557,0.208489651,-0.188485023,-0.018103642,4
-0.485084142,0.001406786,0.272078395,0.217483161,0.235747207,4
-0.542079222,0.022151148,0.168120473,0.229958574,-0.158041269,4
-0.577330549,-0.095646591,0.255366568,0.102546887,-0.142334848,4
-0.32168527,-0.118303735,0.191885986,0.013894138,0.046637655,4
-0.149450404,0.048049497,0.020880458,0.123431462,0.068399191,4
-0.637008641,-0.063117814,0.319425923,-0.102685014,-0.022721609,4
-0.344755944,-0.026979621,0.187588712,0.095681034,0.150853518,4
-0.48324218,0.046175432,0.108107207,0.226125026,-0.174274239,4
-0.390356738,-0.027865364,0.148205805,0.062708313,-0.143457414,4
-0.654378066,0.019146895,0.205594293,-0.012608154,-0.008582657,4
-0.574520559,-0.04437372,0.157000218,-0.055490078,-0.006204159,4
-0.45042939,-0.132386353,0.095753766,0.038162906,-0.098658044,4
-0.250673366,-0.086052929,0.166445069,0.01889674,-0.024230311,4
-0.573640571,-0.064025381,0.071505255,0.011179568,-0.200992429,4
-0.470084065,-0.019444818,0.265209791,0.223392329,-0.095037921,4
-0.321732004,0.048467546,0.328644527,0.043143976,-0.029589257,4
-0.577629294,-0.034968621,0.320505814,-0.018384197,0.080167309,4
-0.710440588,0.018284251,0.346402707,-0.134012589,0.141545944,4
-0.434069271,-0.034493977,-0.038191312,0.046781495,-0.200285679,4
-0.382308275,-0.020637512,0.1159988,0.211727067,-0.257792126,4
-0.570776329,-0.054893978,0.171442804,0.12837584,-0.005064766,4
-0.562469899,-0.044929957,0.23618563,-0.107313835,-0.139000428,4
-0.265471525,-0.021075405,0.184505111,-0.088868356,0.043311501,4
-0.472441393,0.053244647,0.038740987,-0.235495427,0.05612396,4
-0.560008895,-0.014513491,0.254994586,0.003682313,-0.16899445,4
-0.647196843,-0.042701457,0.405896022,-0.082417555,-0.022876512,4
-0.589879181,-0.05857922,0.280419239,-0.083248707,-0.186314438,4
-0.572200825,-0.027894586,0.370541208,-0.163206042,0.155881656,4
-0.585316761,-0.007432004,0.175421074,-0.008966044,0.047096085,4
-0.201669832,-0.063505073,-0.034939695,-0.076278324,0.016018427,4
-0.550556701,-0.01295797,0.102163967,-0.334661195,-0.085032361,4
-0.499896624,-0.019912606,0.253045643,0.054098278,-0.048189025,4
-0.255614476,-0.021081332,0.096225574,0.177087966,-0.088150105,4
-0.734891545,-0.040799995,0.152691917,-0.361799475,0.028856383,4
-0.59617565,0.043316162,0.231280482,-0.142216346,-0.152635381,4
-0.639249264,0.059785787,0.147534322,-0.029127541,-0.174435602,4
-0.132891313,-0.02911018,0.025737563,-0.060851654,-0.088126844,4
-0.263247809,-0.038479526,0.095198254,-0.211431346,-0.04608679,4
-0.66489028,-0.04552217,0.189398206,0.20112749,-0.183677977,4
-0.662276058,-0.00213884,0.252021952,-0.276222237,-0.177935611,4
-0.411981448,-0.073590707,0.188121776,0.160309131,0.010198112,4
-0.402260355,0.012261451,0.041649048,0.01461502,0.022193683,4
-0.485989584,-0.076617559,0.286705754,0.212520932,-0.062741505,4
-0.292495159,-0.019721587,0.228243796,-0.205232529,-0.005355136,4
-0.213000392,0.028365622,0.045878122,0.048018236,-0.062995911,4
-0.524733091,-0.046885163,0.173028213,0.125984414,0.034937299,4
-0.50700858,0.050351422,0.391114957,-0.036757017,-0.00537598,4
-0.202797666,0.003410751,0.176014503,0.144631825,-0.068810983,4
-0.469719873,-0.032749204,0.237672102,-0.121627347,-0.134925605,4
-0.635877761,-0.081762688,0.145288105,0.126643163,-0.020986953,4
-0.359775761,0.052583064,0.097983692,-0.038684301,-0.079552091,4
-0.537959746,-0.047571953,0.189952209,0.176402707,0.058164653,4
-0.556565435,-0.009726102,0.196296038,0.110692731,-0.129229003,4
-0.607732469,-0.161964702,0.323885924,0.087692573,-0.044396686,4
-0.390377612,-0.057317006,-0.093591982,-0.226278438,0.011645377,4
-0.678371729,0.075641704,0.16499517,0.00484544,-0.033969744,4
-0.310381676,-0.037959243,0.055065867,0.198755038,-0.10799676,4
-0.418223781,-0.077110088,0.225794486,0.117822514,-0.130388882,4
-0.542088543,-0.065483611,0.039564176,-0.287626413,0.229099174,4
-0.724668305,-0.026403103,0.221580291,0.092221279,0.211941872,4
-0.686739459,-0.079283542,0.179394976,-0.070808517,0.25608421,4
-0.495666538,-0.092984306,0.353396644,0.182566687,0.191118054,4
-0.254914582,-0.041829944,0.124451889,0.093529782,0.019029387,4
-0.610208288,-0.001279113,0.418937605,-0.016055319,0.27422098,4
-0.695759263,-0.005975797,0.31550067,-0.07781787,0.1166925,4
-0.598065117,0.002058468,0.217569792,-0.096052379,0.065565434,4
-0.643763315,-0.058747508,0.16235618,-0.025223519,0.159229208,4
-0.320248829,0.022885114,0.125221993,-0.045183311,0.059441333,4
-0.335455745,-0.074597204,-0.012510553,0.249448159,-0.017905045,4
-0.592883286,-0.005544004,0.11734617,-0.115848228,0.026767732,4
-0.414897719,-0.15713912,0.221373243,0.029529442,0.02317065,4
-0.427914755,0.023878989,0.230217818,0.209482397,0.043590911,4
-0.420171189,-0.093202303,0.180148377,-0.27810924,0.07039641,4
-0.742651153,-0.155285672,0.355725991,0.080019954,0.134342572,4
-0.414339504,-0.097749192,0.177237525,0.120195429,0.082246212,4
-0.437322755,-0.086793311,0.052090877,0.13130424,-0.010587539,4
-0.617725428,-0.027591954,0.076166125,-0.343425248,0.18290519,4
-0.578165439,-0.083261324,0.15775239,0.034639126,0.072243054,4
-0.618274094,0.0385821,0.276966387,0.136954971,0.049449328,4
-0.500770298,-0.085958188,0.113211344,-0.160682512,-0.074479905,4
-0.20722633,0.012429097,0.113990857,0.021301224,0.027522607,4
-0.665537523,-0.10052932,0.428267104,-0.130505004,0.097625943,4
-0.431010864,0.02655104,0.030286789,-0.21651711,0.003313769,4
-0.671137159,0.059401252,0.203435613,-0.017615642,-0.125825195,4
-0.384975228,0.033250762,0.31721308,0.180437537,-0.041992054,4
-0.586433029,-0.003039522,0.178634219,0.159797976,-0.091576212,4
-0.469902694,0.019705911,0.126226612,0.087800995,-0.293584832,4
-0.543220411,-0.008279459,0.148067923,-0.048810243,-0.213498838,4
-0.64877928,-0.025561463,0.166034583,-0.040824201,-0.024626147,4
-0.382219866,-0.022459425,0.181007052,-0.017597062,-0.058230718,4
-0.459151253,0.000973237,0.138526377,-0.132078933,-0.257808367,4
-0.470930656,-0.08209591,0.094893242,-0.171269097,0.030820677,4
-0.65603234,0.027357071,0.275269074,-0.124159609,0.035737774,4
-0.395468859,-0.056969196,0.105671411,-0.028134844,-0.058959097,4
-0.470834355,-0.177303545,0.078607059,0.103029101,-0.021358249,4
-0.584675818,-0.081245252,0.171100429,0.047228878,-0.164976344,4
-0.704169284,-0.141019395,0.1547098,-0.077487459,-0.148971881,4
-0.592187006,-0.03136977,0.408101138,-0.118949089,-0.024610204,4
-0.280918355,-0.040869029,0.021440365,0.039814871,-0.152821989,4
-0.527421756,-0.043702466,0.1148407,0.065641056,0.123067151,4
-0.506716178,-0.058760731,0.091719017,-0.202059364,0.142250943,4
-0.591646172,0.04950526,0.136372575,-0.259916519,0.140518372,4
-0.402873431,-0.044543966,0.228683602,0.183423298,-0.323893089,4
-0.574347075,0.048396602,0.340576598,-0.175763315,-0.379653273,4
-0.57690663,-0.036404417,0.164419211,0.033880089,-0.329924564,4
-0.375418424,-0.040351902,0.267621167,0.105911476,0.127280949,4
-0.038745642,0.01430562,-0.012911172,0.005026321,0.015151243,4
-0.291431636,-0.032024119,0.087081592,0.157904423,0.02953067,4
-0.520990314,-0.079377295,0.138681416,-0.077538913,-0.068471742,4
-0.606050472,-0.038456706,0.142347578,0.244800994,0.155465477,4
-0.472904757,-0.103120145,0.122170464,-0.102762756,-0.251435832,4
-0.67025381,-0.060538367,0.198063785,-0.195597917,0.32777899,4
-0.47130447,-0.049985177,0.168508854,-0.089562695,-0.122193941,4
-0.502673437,-0.0761449,0.181699688,-0.091753259,-0.089433737,4
-0.332887582,-0.067319085,0.231569762,-0.046037701,0.090441006,4
-0.297257277,0.026469636,0.093832453,-0.063054676,-0.077126872,4
-0.643520819,-0.059776596,0.178837046,0.140571642,0.094658671,4
-0.572142593,-0.070650523,0.266954481,0.415763099,0.124676325,4
-0.504545173,-0.060381407,0.173278315,-0.036214035,-0.117963459,4
-0.278857499,0.046635796,0.070963635,0.069167264,-0.039731847,4
-0.330576513,-0.029223327,-0.002751755,0.109857974,0.051335256,4
-0.257231282,-0.061671495,0.129017866,0.027509048,0.15962917,4
-0.497979116,0.058828543,0.272312024,-0.054603059,-0.109734886,4
-0.422449185,0.062477145,0.34147235,-0.083620764,0.094972261,4
-0.381908891,-0.047656809,0.24333247,0.033089263,0.201599298,4
-0.510443175,-0.103024194,0.101236967,-0.170058579,0.005554299,4
-0.553584215,-0.035661483,0.202308443,0.026151888,0.000604046,4
-0.352607161,0.041401455,0.077953298,-0.182207726,0.090554068,4
-0.654152808,0.003778996,0.249754975,0.064385595,-0.19786118,4
-0.702972155,-0.028695312,0.434862957,-0.086453076,-0.042799807,4
-0.486042985,0.014803213,0.152987462,0.169468517,-0.145248754,4
-0.414520383,-0.106756287,0.063274249,0.162944255,-0.064068562,4
-0.612596,-0.021048643,0.080410802,-0.072795972,0.084014953,4
-0.517599138,-0.123828773,-0.076695457,-0.10343648,0.16625992,4
-0.680170294,-0.10782346,0.387436601,0.211164912,-0.228825804,4
-0.563011714,0.065009803,0.195309255,0.055333228,-0.062393156,4
-0.672949355,-0.158255729,0.158542738,-0.173648944,-0.102573071,4
-0.345631206,0.01279298,0.267379198,-0.000780026,-0.016308978,4
-0.594736251,-0.119028618,0.247741229,0.04447031,-0.140915817,4
-0.601655226,0.000803562,0.212258038,-0.045358201,-0.044981354,4
-0.721680174,-0.092824399,0.415329409,0.009046507,-0.011138677,4
-0.677204702,0.068418761,0.356257631,0.008565359,-0.220468459,4
-0.555439595,0.014560544,0.288212704,-0.039547496,0.141612392,4
-0.564701605,0.036648835,0.108684359,-0.037620508,-0.336530217,4
-0.456016724,-0.058729517,0.219766696,0.222661815,-0.03191748,4
-0.553374034,-0.133910531,0.195753701,-0.156484228,-0.083238128,4
-0.156384712,0.02329429,0.009992213,0.004527071,-0.031032603,4
-0.570755227,-0.094142701,0.347812751,-0.183856592,-0.107192128,4
-0.504716792,-0.010038374,0.130185461,0.006940693,-0.303869433,4
-0.633734321,-0.087414417,0.119216511,0.042207835,0.162922312,4
-0.603883933,-0.1015782,0.158673214,0.000177614,0.123726304,4
-0.548568284,-0.147636365,0.162415582,-0.164058109,-0.288024903,4
-0.49989858,-0.04294746,0.176295775,0.158759509,-0.136392482,4
-0.740361511,-0.026454338,0.235315489,-0.225841309,-0.155823088,4
-0.297505164,-0.053366982,0.02262428,0.071583473,-0.064631868,4
-0.684814471,0.024680002,0.297176584,-0.312343341,-0.163264325,4
-0.490068815,0.034323585,0.147478946,-0.05210919,0.078969824,4
-0.467427735,-0.074289696,0.149670512,-0.007950955,0.290282425,4
-0.525269573,-0.001738168,0.062861601,0.140174367,-0.087329495,4
-0.62354971,-0.055834897,0.382081042,0.005089378,-0.133487294,4
-0.581074447,-0.053389891,0.255494186,-0.049874702,0.177274363,4
-0.697751949,-0.056621254,0.133340641,0.038491582,-0.192786806,4
-0.446233509,-0.065608469,0.218758253,0.009191267,0.018012911,4
-0.677027952,0.006015652,0.331516895,-0.137689869,0.10410125,4
-0.433137721,0.0017432,0.264569622,0.206587884,0.109170001,4
-0.428527991,0.056777749,0.21105976,0.25127411,0.171800497,4
-0.476761578,-0.090280467,0.19310166,0.099408346,0.17714728,4
-0.04384497,-0.010470791,0.007008127,-0.004804282,-0.022429953,4
-0.175218734,0.002785681,0.121538335,0.011904482,-0.05102168,4
-0.627500086,-0.044393077,0.095732278,-0.035113247,-0.159246438,4
-0.6802398,-0.017792082,0.259949416,0.043420948,0.124323638,4
-0.466616802,0.098148191,0.193166859,0.050840982,-0.047914873,4
-0.442172426,0.044986996,0.127116297,0.097793813,-0.024298415,4
-0.696008202,-0.024423247,0.305468868,0.140376678,-0.152710933,4
-0.454393877,-0.018722727,0.222642517,0.036513081,-0.079349728,4
-0.453277414,0.031141134,0.097272969,-0.068676575,0.044812002,4
-0.479722647,-0.035217821,0.250234107,0.308732008,-0.12046853,4
-0.471800145,-0.048176332,0.226009975,-0.009070078,-0.07148769,4
-0.525372804,-0.063502695,0.122652103,0.346861264,0.10168407,4
-0.390375491,-0.098628044,0.121295382,0.005808779,0.051567109,4
-0.310233355,-0.012372517,0.145293164,0.018784021,-0.196663012,4
-0.690836091,-0.05357975,0.272912955,0.044144785,0.148974627,4
-0.47841944,-0.003970921,0.113008942,-0.110753691,0.03350608,4
-0.62324049,0.050873315,0.29162604,0.400326926,-0.026032132,4
-0.551281908,-0.082669945,0.296889649,0.193553674,0.117562792,4
-0.661991291,0.043335659,0.193095072,0.12623813,0.019068811,4
-0.416924245,-0.01850939,0.03638014,0.000113235,-0.157376227,4
-0.568323912,-0.09609606,0.246295875,0.3791007,0.159243479,4
-0.391223803,-0.006039839,0.080510565,-0.002630898,0.143115189,4
-0.563261048,-0.071373489,0.196092256,-0.055038302,0.025101632,4
-0.547439922,-0.066589735,0.196398543,0.121610528,-0.213349629,4
-0.566669205,-0.051213413,0.245313719,0.284581986,-0.15916943,4
-0.605239165,-0.073704846,0.364804123,0.174455444,-0.091704466,4
-0.276710009,-0.081710261,0.064480758,0.070968942,0.057203218,4
-0.731787644,-0.10962935,0.209228728,-0.113901889,0.245649563,4
-0.648217893,-0.051065709,0.238937322,0.239631178,-0.122215292,4
-0.128702067,-0.030222735,0.095678958,-0.036293003,0.022004868,4
-0.722479441,-0.03108239,0.341954297,0.092491176,0.332623436,4
-0.570717568,-0.110743549,0.273916531,0.398652646,0.122584619,4
-0.430607737,-0.053378684,0.281624643,-0.013180173,0.110082936,4
-0.566842499,0.020703328,0.310995345,0.119760055,-0.100762287,4
-0.590979844,-0.014472351,0.090911547,0.04956593,-0.000563054,4
-0.405737875,-0.101274623,0.150545102,0.155925996,-0.147147532,4
-0.302044776,-0.011761656,0.179476281,-0.131393558,-0.05800176,4
-0.593855641,-0.077997796,0.287767099,-0.042850593,-0.132892074,4
-0.711989962,-0.102826181,0.028182872,0.055152544,-0.42126529,4
-0.641444379,0.01270906,0.403112951,0.122536083,0.057034684,4
-0.196197966,0.009282217,0.126088584,-0.023953543,-0.015541784,4
-0.569228864,-0.000259205,0.122031992,0.033857573,0.193375983,4
-0.432330947,-0.047422357,0.098248745,0.055428367,-0.175658873,4
-0.631529025,0.008267484,0.215618565,0.049891405,-0.041659302,4
-0.614520323,-0.129381303,0.200961028,-0.075715841,-0.177168773,4
-0.335121359,-0.069675982,-0.027348986,-0.012118037,0.171188839,4
-0.71260595,-0.085884786,0.220966259,-0.091738227,0.073639674,4
-0.650208882,-0.007499734,0.359349877,-0.110703422,-0.257953072,4
-0.671004752,-0.028747345,0.267605739,0.069636652,0.249646008,4
-0.584269688,-0.088214101,0.20587025,-0.204292476,-0.09772792,4
-0.716533172,-0.089941293,0.324815458,-0.009725657,0.085421251,4
